"AI 대장주 엔비디아, 아마존 제쳤다…美 시총 4위로 도약"
"“기술인재 확보하라”...삼성, AI부터 반도체까지 경력직 대거 채용"
"삼성 ""DX부문 초격차 유지""… 생성형AI 등 대규모 인재채용"
"中 춘제 뉴스 진행한 AI 앵커…""실제 앵커는 고향行"""
"리노스, 폴라리스AI로 새출발"
"오픈AI, 작가들과의 저작권 소송서 일부 승소"
"오픈AI, ‘이전 대화 기억’ 기능 추가한 챗GPT 새 버전 선보여"
AI 바람 타고 토종 클라우드 훨훨 날았다…올해도 고성장 기대
오픈AI '칩 독립선언'에도...엔비디아 '파죽지세'
"다쏘시스템 ""3D 설계 돕는 생성형 AI 모델 개발 중"""
올 세무조사 1만4000건 이하 유지…생성형AI 5월 시범도입
AI 붐에 늘어나는 전력량… 재생에너지 역할 커진다
"韓 美 AI연구거점 만들고, ‘온디바이스AI 전략’ 내놓는다"
"삼일PwC ""AI가 앞당긴 에듀테크…2030년 1000조 시장 열린다"""
'MWC 2024'서 AI·전장 잡겠다… 삼성·SK CEO 대거 출격
"샘 올트먼 ""AI 평생 사용할 청소년들 기회 넘쳐나"""
"과기정통부 ""단통법 폐지…국민 생활 속 AI에 7700억 투입"""
"올트먼 9300조원 모집…AI 반도체 시장, 판 흔들린다"
"‘AI 통화녹음 도청 논란’ 에이닷 잘나가자, KT·LGU+도 슬쩍"
올트먼 'AI칩 큰그림'에 반도체업계 촉각…삼성·SK '기회' 찾나
"마이크로소프트, AI 트렌드 3가지 공개"
"[단독] 롯데쇼핑, 생성형 AI 야심작 ‘라일락’ 밑그림 공개"
"""AI로 민감정보 보호하세요""…파수, 'AI 바우처' 수요기업 모집"
"""애플, 삼성처럼 아이폰16에 AI 도입.. 화면 더 키운다"" [1일IT템]"
"[2024 국세행정] 세수 여건 악화에 '비대면' 서비스 강화...""AI 상담 도입"""
"신동빈의 ‘AI’ 강조에…롯데백화점, AI 활용해 봄 입혔다"
"'AI 열풍' 탄 MS, 클라우드 1위 아마존 맹추격"
美 AI업계 정치 딥페이크 퇴치협약 발표…선거운동 악영향 차단
"서울사이버대, 'AI 선도대학 원년' 선포"
종합소득세 '생성형AI'가 상담
"“AI 덕분에” 엔비디아 주가, 아마존·구글 제쳐"
"씨티 ""사이버보안, 생성형 AI의 수혜 입을 것"""
AI폰에 AI워치·AI자동차까지? AI로 전 산업과 일상 고도화
[PLAY IT] 'LG 그램 프로'과 함께한 여행... 생성형 AI '쌩쌩'·발열 '아쉽'
"AI 스타트업, 인재 따라 강남行 … 테헤란로 'AI밸리'로 변신중"
AI주 질주…엔비디아 미국 시총 3위 '터치'
"韓美日 AI 랠리…각국 주요 7개株, 코스피·S&P500·닛케이보다 2~3배 더 상승 [투자360]"
"""AI 기반 경제·산업 대도약···글로벌 디지털 질서 주도"""
"세무조사, 올해도 역대 최저수준…AI 등 세무 서비스 강화"
엔비디아 장중 시총 3위·ARM 3일만에 2배…힘 세진 AI
[컨콜종합] NHN “커머스‧기술 체질 개선 집중… AI 생태계 조성 힘쓸 것”
"DB손해보험, AI비서 시스템 '특허' 획득…""디지털전환 고도화 성과"""
빠르게 성장하는 ‘코드 생성 AI’… 개발자 자리도 위협
갤럭시S24·비전프로 속 나만의 AI… 비밀은 '멀티모달'
'2조 클럽' 지킨 NHN…'게임·AI' 필두로 우상향 이어간다
"영암군, 생성형 AI 기술 기반 온라인 콘텐츠 개발"
"글로벌 R&D 3.6배 확대하고, 미국에 AI거점 만든다"
AI 글로벌 동맹 강화에 직접 나서는 최태원
[성공예감] MS·엔비디아·메타·AI 3강 구도 분석 – 송이라 기자(서울경제신문)
가성비로 승부? 중국폰 확 달라졌다…AI 얹고 갤S24에 '도전장'
AI·전장 먹거리 찾아 유럽행... 글로벌경영 속도내는 최태원
"엔비디아, '챗 위드 RTX'로 AI PC에 맞춤형 챗봇 제공"
"“Z세대는 AI 원어민, 최첨단 신기술에 두려움 없이 적극적”"
"신동빈 'AI 전환' 속도전…롯데, 내달 청사진 나온다"
"SK하이닉스 이동훈 부사장 ""AI 시대 유연한 대응 통해 낸드 혁신 이뤄낼 것"""
"팡고지와이, 마테크 플랫폼에 생성형 AI ‘팡순이’ 탑재"
"세종사이버대, '생성형AI와 CES 2024, 사라지는 AI 스며드는 미래' 특강 개최"
"‘AI발’ 일자리 역습…美 빅테크, 올해 3만4000명 해고"
"관세청, 올해 AI 등 신기술 도입 전 분야서 스마트 혁신"
신동빈의 AI 특명…롯데쇼핑 야심작 ‘라일락’ 밑그림
"'AI 원어민' Z세대, 최첨단 기술에 두려움 없어…활용 적극적"
"""AI 잘 쓰려면 사내 데이터 다 엎어야 해요"""
"[쫌아는기자들] 인이지, 예측·제어 솔루션으로 중화학공업의 AI 시대를 열다"
"홍보 마케터 10명 중 6명 ""생성형 AI로 업무 생산성 높아져"""
일본·미국 잡고 뜬 ‘K웹툰’… AI 시대에도 통할까
"오픈AI, 자체 개발 LLM 오픈소스화 추진"
'수익률 3배차' 글로벌 AI ETF…‘넥스트 엔비디아’에 희비
"[마켓톺] 저PBR 랠리 소외됐던 반도체주, 미국발 AI모멘텀에 '활짝'"
"KT클라우드, AI 토탈사업자로 그룹 핵심 자리매김"
"제약·바이오社 ""AI신약개발, 뭉쳐야 산다"""
글로벌 AI 신약 개발 뭉친다…'손에 손잡고' 데이터 빗장 풉시다
'AI 혁명은 기회'…생성형 AI에 꽃힌 이통3사
[기업이슈] 온디바이스 AI 확산 전망…AI 관련주 들썩
"[AI선거운동 어디까지]③ ""우리 후보 뽑아줘""…AI 음성, 유세차에서 가능할까?"
"검찰, '챗GPT로 탄원서 위조' 마약사범 추가 기소"
[기자수첩] AI를 둘러싼 밈의 세계
올들어 한달새 3만4천명 해고 또 해고…AI 투자한다며 사람 내친 빅테크
반도체 디자인에도 생성형 AI 활용...AI 칩 공급난 해결사 되나
BMS AI 분자접착제 발굴 제휴
"“AI가 결국 일자리를”… 美테크업계, 올들어 벌써 3만여명 해고"
"㈜온더아이티, 고려대학교와 생성형 AI 기술이전계약 체결"
세계는 '딥페이크'와 전쟁 중… 한국은 AI 규제 사각지대 [N-경제포커스]
"‘AI 활용 의료제품’, 한국이 주도권 쥐려면[기고/오유경]"
"국제인공지능윤리협회, 제1회 AI 리더스 포럼 개최"
"AI시대 'HBM', 메모리 강국 한국의 새로운 먹거리"
엇갈린 게임 업계 5대장…경영진 교체·AI 신무기 탑재로 '판 띄우기'
"정부, AI 일상화 지원에 7천억 투자·과기의전원 신설 추진"
"‘온 세상이 AI’…엔비디아, 장중 ‘시총 빅3’ 진입·ARM 주가는 3배 뛰어"
‘AI가 그린 그림’ 저작권을 인정해달라고요?
“일상 속 AI 챗봇·버스 정보시스템 체험하세요”
"생성형 AI 어디까지 왔나…개발자 92% ""업무 대체할 것"""
"[이태식의 과학2030] AI 미래, 인간 선택에 달렸다"
"과기정통부 “글로벌 R&D 확대, AI 대전환”"
"KT가 한양대와 공들인 AI 인재, 기업 현장 첫발 내딛는다"
생성형 AI 도입 효과를 극대화하는 5가지 팁
'AI 동맹' 찾는 오픈AI…왜?
이러다 또 뒤쳐질라...“일본 18%·미국 73%·호주 66% 생성형 AI 도입”
[도청도설] 엔비디아 vs 오픈AI
"특허청, AI 언어모델 학습데이터 구축사업 추진"
"엔비디아, 차세대 AI 디자인 위한 RTX 2000 에이다 제너레이션 출시""AI 대장주 엔비디아, 아마존 제쳤다…美 시총 4위로 도약"
"에스피소프트, 코스닥 시장 입성…""생성형 AI 기반 사업 확대"""
"라온피플, '생성형 AI' 등 정부 AI 바우처 공급기업 선정"
"생성형 AI에 ‘독’ 퍼뜨리는 교수…“데이터 도둑질, 창작자 삶 뺏어”"
"“기술인재 확보하라”...삼성, AI부터 반도체까지 경력직 대거 채용"
"리노스, 폴라리스AI로 새출발"
"中 춘제 뉴스 진행한 AI 앵커…""실제 앵커는 고향行"""
北·中·러시아 해커도 챗GPT 활용···오픈AI “접근 차단”
"다쏘시스템 ""3D 설계 돕는 생성형 AI 모델 개발 중"""
"“北해커 ‘킴수키’, 해킹 때 MS·오픈AI 제품 활용”"
"오픈AI, 작가들과의 저작권 소송서 일부 승소"
"MS “북한과 이란, 해킹에 생성형 AI 활용”"
"AI로 향하는 ETF 투자 열기, 운용 성과는 제각각"
AI 바람 타고 토종 클라우드 훨훨 날았다…올해도 고성장 기대
"효성인포-에이플랫폼, 생성형AI 워크로드 혁신 위해 협력"
"AI폰 배터리 ‘광탈’ 막는다…SKT, 미디어텍 손잡고 기술 개발"
오픈AI '칩 독립선언'에도...엔비디아 '파죽지세'
"오픈AI, '이전 대화 기억' 기능 추가한 챗GPT 새 버전 내놔"
"오픈AI, 구글에도 도전장?...""웹 검색 서비스 개발 중"""
[컨콜]카카오톡에 생성형 AI 결합 추진…경량 언어모델 기반
"엔비디아 2.46%-AMD 4.17% 급등, AI주 랠리 재개(종합)"
AI 붐에 늘어나는 전력량… 재생에너지 역할 커진다
"‘AI의 왕’ 엔비디아, 구글 넘어 美 시총 3위 등극"
"韓 美 AI연구거점 만들고, ‘온디바이스AI 전략’ 내놓는다"
"'AI 대장' 엔비디아, 구글 앞질러 시총 3위…몸값 '2437조원' [뉴욕마감]"
"'시총 3위' 엔비디아, ARM에 지분 투자…AI 사운드·신약 개발도 추진"
"함샤우트 글로벌, 인공지능 활용 인식 설문조사 “생성형 AI로 업무 생산성 높아져”"
"삼일PwC ""AI가 앞당긴 에듀테크…2030년 1000조 시장 열린다"""
'MWC 2024'서 AI·전장 잡겠다… 삼성·SK CEO 대거 출격
"올트먼 9300조원 모집…AI 반도체 시장, 판 흔들린다"
"샘 올트먼 ""AI 평생 사용할 청소년들 기회 넘쳐나"""
"과기정통부 ""단통법 폐지…국민 생활 속 AI에 7700억 투입"""
"""대구기업, 생성형 AI 적극 도입해야"""
올트먼 'AI칩 큰그림'에 반도체업계 촉각…삼성·SK '기회' 찾나
"진화하는 코딩 AI, 진땀나는 개발자"
'수익률 3배차' 글로벌 AI ETF…‘넥스트 엔비디아’에 희비
"마이크로소프트, AI 트렌드 3가지 공개"
"[의정언박싱] ""생성형 AI, 위협 보단 또다른 새로운 기회 제공"""
생성형 AI 가장 자주 사용하는 국가는 ‘인도’… 보급 속도 인터넷·스마트폰보다 빨라
"‘AI 통화녹음 도청 논란’ 에이닷 잘나가자, KT·LGU+도 슬쩍"
"""이미지 생성과는 급이 달라...3D 설계 최적화 생성형AI 집중"""
"삼성전자 ""AI인재 선점""…경력직 채용 큰장 선다"
"시스코, 올해 인력 5% 해고…AI·소프트웨어 등 고성장 사업 집중"
"""AI로 민감정보 보호하세요""…파수, 'AI 바우처' 수요기업 모집"
"""애플, 삼성처럼 아이폰16에 AI 도입.. 화면 더 키운다"" [1일IT템]"
"[2024 국세행정] 세수 여건 악화에 '비대면' 서비스 강화...""AI 상담 도입"""
"AI 데이터 우물에 ‘독’ 푸는 교수…“저작물 도둑질, 창작자 삶 뺏어”"
‘챗GPT’ 주역 올트먼 이번엔 AI반도체… 최대 9300조 실탄 준비
"신동빈의 ‘AI’ 강조에…롯데백화점, AI 활용해 봄 입혔다"
美 AI업계 정치 딥페이크 퇴치협약 발표…선거운동 악영향 차단
"'AI 열풍' 탄 MS, 클라우드 1위 아마존 맹추격"
"서울사이버대, 'AI 선도대학 원년' 선포"
종합소득세 '생성형AI'가 상담
"[단독] 롯데쇼핑, 생성형 AI 야심작 ‘라일락’ 밑그림 공개"
"미소정보기술,의료·산업 생성형 초거대AI 비(非)라벨링 데이터 솔루션 '데이터스캔' 출시"
"킨드릴, 구글 클라우드 손잡고 기업용 생성형 AI 솔루션 제공"
"이통3사, 인간과 협업하는 AI에 꽂히다"
"“AI 덕분에” 엔비디아 주가, 아마존·구글 제쳐"
"씨티 ""사이버보안, 생성형 AI의 수혜 입을 것"""
AI폰에 AI워치·AI자동차까지? AI로 전 산업과 일상 고도화
[PLAY IT] 'LG 그램 프로'과 함께한 여행... 생성형 AI '쌩쌩'·발열 '아쉽'
"韓美日 AI 랠리…각국 주요 7개株, 코스피·S&P500·닛케이보다 2~3배 더 상승 [투자360]"
AI주 질주…엔비디아 미국 시총 3위 '터치'
"""AI 기반 경제·산업 대도약···글로벌 디지털 질서 주도"""
"AI 스타트업, 인재 따라 강남行 … 테헤란로 'AI밸리'로 변신중"
"세무조사, 올해도 역대 최저수준…AI 등 세무 서비스 강화"
AI가 언어 자동 번역…회의도 영화처럼
"DB손해보험, AI비서 시스템 '특허' 획득…""디지털전환 고도화 성과"""
'2조 클럽' 지킨 NHN…'게임·AI' 필두로 우상향 이어간다
엔비디아 장중 시총 3위·ARM 3일만에 2배…힘 세진 AI
[컨콜종합] NHN “커머스‧기술 체질 개선 집중… AI 생태계 조성 힘쓸 것”
빠르게 성장하는 ‘코드 생성 AI’… 개발자 자리도 위협
갤럭시S24·비전프로 속 나만의 AI… 비밀은 '멀티모달'
"같은 글로벌 AI ETF지만 수익률은 천차만별…‘""성장 주도주 찾아야"""
"영암군, 생성형 AI 기술 기반 온라인 콘텐츠 개발"
"글로벌 R&D 3.6배 확대하고, 미국에 AI거점 만든다"
AI 글로벌 동맹 강화에 직접 나서는 최태원
[성공예감] MS·엔비디아·메타·AI 3강 구도 분석 – 송이라 기자(서울경제신문)
[서울 on] AI 기본법 외면 땐 멀어질 ‘3등 꿈’/이정수 세종취재본부 기자
가성비로 승부? 중국폰 확 달라졌다…AI 얹고 갤S24에 '도전장'
"엔비디아, '챗 위드 RTX'로 AI PC에 맞춤형 챗봇 제공"
AI·전장 먹거리 찾아 유럽행... 글로벌경영 속도내는 최태원
"“Z세대는 AI 원어민, 최첨단 신기술에 두려움 없이 적극적”"
"SK하이닉스 이동훈 부사장 ""AI 시대 유연한 대응 통해 낸드 혁신 이뤄낼 것"""
"신동빈 'AI 전환' 속도전…롯데, 내달 청사진 나온다"
"팡고지와이, 마테크 플랫폼에 생성형 AI ‘팡순이’ 탑재"
"세종사이버대, '생성형AI와 CES 2024, 사라지는 AI 스며드는 미래' 특강 개최"
"‘AI발’ 일자리 역습…美 빅테크, 올해 3만4000명 해고"
"관세청, 올해 AI 등 신기술 도입 전 분야서 스마트 혁신"
"검찰, '챗GPT로 탄원서 위조' 마약사범 추가 기소"
"'AI 원어민' Z세대, 최첨단 기술에 두려움 없어…활용 적극적"
"""AI 잘 쓰려면 사내 데이터 다 엎어야 해요"""
애플 'AI폰' 어떻게 나올까…'갤럭시 S24'와 다른 점은
"이통 3사, 성장판 닫힌 무선사업 대신 AI에 미래 걸었다"
"[쫌아는기자들] 인이지, 예측·제어 솔루션으로 중화학공업의 AI 시대를 열다"
AI 춘추전국 시대…샘 올트먼 “9000조원 모아 반도체 도전”
"홍보 마케터 10명 중 6명 ""생성형 AI로 업무 생산성 높아져"""
"[써봤더니] '세상이 확장'되는 AI, 삼성전자 갤럭시 S24"
일본·미국 잡고 뜬 ‘K웹툰’… AI 시대에도 통할까
김제시 공직사회에 챗GPT- AI 바람 불고 있다
"AI 대장주 엔비디아, 아마존 제쳤다…美 시총 4위로 도약"
"에스피소프트, 코스닥 시장 입성…""생성형 AI 기반 사업 확대"""
"라온피플, '생성형 AI' 등 정부 AI 바우처 공급기업 선정"
"“기술인재 확보하라”...삼성, AI부터 반도체까지 경력직 대거 채용"
"리노스, 폴라리스AI로 새출발"
"中 춘제 뉴스 진행한 AI 앵커…""실제 앵커는 고향行"""
北·中·러시아 해커도 챗GPT 활용···오픈AI “접근 차단”
삼성전자 ‘AI 건조기’ 유럽 미국서 통했다...2~3배 매출 성장 기록
"다쏘시스템 ""3D 설계 돕는 생성형 AI 모델 개발 중"""
"AI폰 배터리 ‘광탈’ 막는다…SKT, 미디어텍 손잡고 기술 개발"
"“北해커 ‘킴수키’, 해킹 때 MS·오픈AI 제품 활용”"
"오픈AI, 작가들과의 저작권 소송서 일부 승소"
"MS “북한과 이란, 해킹에 생성형 AI 활용”"
"AI로 향하는 ETF 투자 열기, 운용 성과는 제각각"
"효성인포-에이플랫폼, 생성형AI 워크로드 혁신 위해 협력"
"국세청, 올해 ‘AI 홈택스·글로벌 기업 이중과세 해결’ 추진"
AI 바람 타고 토종 클라우드 훨훨 날았다…올해도 고성장 기대
오픈AI '칩 독립선언'에도...엔비디아 '파죽지세'
"오픈AI, '이전 대화 기억' 기능 추가한 챗GPT 새 버전 내놔"
"‘AI의 왕’ 엔비디아, 구글 넘어 美 시총 3위 등극"
"오픈AI, 구글에도 도전장?...""웹 검색 서비스 개발 중"""
[컨콜]카카오톡에 생성형 AI 결합 추진…경량 언어모델 기반
올 세무조사 1만4000건 이하 유지…생성형AI 5월 시범도입
"엔비디아 2.46%-AMD 4.17% 급등, AI주 랠리 재개(종합)"
AI 붐에 늘어나는 전력량… 재생에너지 역할 커진다
"韓 美 AI연구거점 만들고, ‘온디바이스AI 전략’ 내놓는다"
"'AI 대장' 엔비디아, 구글 앞질러 시총 3위…몸값 '2437조원' [뉴욕마감]"
"'시총 3위' 엔비디아, ARM에 지분 투자…AI 사운드·신약 개발도 추진"
"미소정보기술, 의료산업 생성형 초거대 AI 구축 솔루션 출시"
"함샤우트 글로벌, 인공지능 활용 인식 설문조사 “생성형 AI로 업무 생산성 높아져”"
"삼일PwC ""AI가 앞당긴 에듀테크…2030년 1000조 시장 열린다"""
'MWC 2024'서 AI·전장 잡겠다… 삼성·SK CEO 대거 출격
"올트먼 9300조원 모집…AI 반도체 시장, 판 흔들린다"
"샘 올트먼 ""AI 평생 사용할 청소년들 기회 넘쳐나"""
"과기정통부 ""단통법 폐지…국민 생활 속 AI에 7700억 투입"""
"""대구기업, 생성형 AI 적극 도입해야"""
올트먼 'AI칩 큰그림'에 반도체업계 촉각…삼성·SK '기회' 찾나
"진화하는 코딩 AI, 진땀나는 개발자"
'수익률 3배차' 글로벌 AI ETF…‘넥스트 엔비디아’에 희비
"마이크로소프트, AI 트렌드 3가지 공개"
"[의정언박싱] ""생성형 AI, 위협 보단 또다른 새로운 기회 제공"""
생성형 AI 가장 자주 사용하는 국가는 ‘인도’… 보급 속도 인터넷·스마트폰보다 빨라
"""이미지 생성과는 급이 달라...3D 설계 최적화 생성형AI 집중"""
"‘AI 통화녹음 도청 논란’ 에이닷 잘나가자, KT·LGU+도 슬쩍"
"삼성전자 ""AI인재 선점""…경력직 채용 큰장 선다"
"시스코, 올해 인력 5% 해고…AI·소프트웨어 등 고성장 사업 집중"
"""AI로 민감정보 보호하세요""…파수, 'AI 바우처' 수요기업 모집"
"[이슈진단+] ""물에 빠진 문재인·이재명 모두 응원""…대선 때 등장한 'AI 윤' 사라진다, 왜"
"""애플, 삼성처럼 아이폰16에 AI 도입.. 화면 더 키운다"" [1일IT템]"
"킨드릴, 구글 클라우드 손잡고 기업용 생성형 AI 솔루션 제공"
"[2024 국세행정] 세수 여건 악화에 '비대면' 서비스 강화...""AI 상담 도입"""
"AI 데이터 우물에 ‘독’ 푸는 교수…“저작물 도둑질, 창작자 삶 뺏어”"
‘챗GPT’ 주역 올트먼 이번엔 AI반도체… 최대 9300조 실탄 준비
"신동빈의 ‘AI’ 강조에…롯데백화점, AI 활용해 봄 입혔다"
美 AI업계 정치 딥페이크 퇴치협약 발표…선거운동 악영향 차단
"'AI 열풍' 탄 MS, 클라우드 1위 아마존 맹추격"
"서울사이버대, 'AI 선도대학 원년' 선포"
종합소득세 '생성형AI'가 상담
"[단독] 롯데쇼핑, 생성형 AI 야심작 ‘라일락’ 밑그림 공개"
"이통3사, 인간과 협업하는 AI에 꽂히다"
"“AI 덕분에” 엔비디아 주가, 아마존·구글 제쳐"
"씨티 ""사이버보안, 생성형 AI의 수혜 입을 것"""
홈택스 AI 본격 도입…납세자에 최적 검색 결과 보여준다
AI폰에 AI워치·AI자동차까지? AI로 전 산업과 일상 고도화
[PLAY IT] 'LG 그램 프로'과 함께한 여행... 생성형 AI '쌩쌩'·발열 '아쉽'
"국세청, 오는 5월 종합소득세 신고부터 AI 홈텍스 도입"
"韓美日 AI 랠리…각국 주요 7개株, 코스피·S&P500·닛케이보다 2~3배 더 상승 [투자360]"
AI주 질주…엔비디아 미국 시총 3위 '터치'
"""AI 기반 경제·산업 대도약···글로벌 디지털 질서 주도"""
"AI 스타트업, 인재 따라 강남行 … 테헤란로 'AI밸리'로 변신중"
"세무조사, 올해도 역대 최저수준…AI 등 세무 서비스 강화"
AI가 언어 자동 번역…회의도 영화처럼
"DB손해보험, AI비서 시스템 '특허' 획득…""디지털전환 고도화 성과"""
'2조 클럽' 지킨 NHN…'게임·AI' 필두로 우상향 이어간다
엔비디아 장중 시총 3위·ARM 3일만에 2배…힘 세진 AI
[컨콜종합] NHN “커머스‧기술 체질 개선 집중… AI 생태계 조성 힘쓸 것”
빠르게 성장하는 ‘코드 생성 AI’… 개발자 자리도 위협
갤럭시S24·비전프로 속 나만의 AI… 비밀은 '멀티모달'
"같은 글로벌 AI ETF지만 수익률은 천차만별…‘""성장 주도주 찾아야"""
"영암군, 생성형 AI 기술 기반 온라인 콘텐츠 개발"
"글로벌 R&D 3.6배 확대하고, 미국에 AI거점 만든다"
AI 글로벌 동맹 강화에 직접 나서는 최태원
[성공예감] MS·엔비디아·메타·AI 3강 구도 분석 – 송이라 기자(서울경제신문)
[서울 on] AI 기본법 외면 땐 멀어질 ‘3등 꿈’/이정수 세종취재본부 기자
가성비로 승부? 중국폰 확 달라졌다…AI 얹고 갤S24에 '도전장'
"엔비디아, '챗 위드 RTX'로 AI PC에 맞춤형 챗봇 제공"
AI·전장 먹거리 찾아 유럽행... 글로벌경영 속도내는 최태원
"“Z세대는 AI 원어민, 최첨단 신기술에 두려움 없이 적극적”"
"SK하이닉스 이동훈 부사장 ""AI 시대 유연한 대응 통해 낸드 혁신 이뤄낼 것"""
"신동빈 'AI 전환' 속도전…롯데, 내달 청사진 나온다"
"팡고지와이, 마테크 플랫폼에 생성형 AI ‘팡순이’ 탑재"
"세종사이버대, '생성형AI와 CES 2024, 사라지는 AI 스며드는 미래' 특강 개최"
"‘AI발’ 일자리 역습…美 빅테크, 올해 3만4000명 해고"
"검찰, '챗GPT로 탄원서 위조' 마약사범 추가 기소"
"관세청, 올해 AI 등 신기술 도입 전 분야서 스마트 혁신"
"인스타페이, 유치원생·초등생 AI창작 글쓰기 공모전 개최"
"'AI 원어민' Z세대, 최첨단 기술에 두려움 없어…활용 적극적"
"""AI 잘 쓰려면 사내 데이터 다 엎어야 해요"""
애플 'AI폰' 어떻게 나올까…'갤럭시 S24'와 다른 점은
"이통 3사, 성장판 닫힌 무선사업 대신 AI에 미래 걸었다"
"AI 대장주 엔비디아, 아마존 제쳤다…美 시총 4위로 도약"
"에스피소프트, 코스닥 시장 입성…""생성형 AI 기반 사업 확대"""
"라온피플, '생성형 AI' 등 정부 AI 바우처 공급기업 선정"
"“기술인재 확보하라”...삼성, AI부터 반도체까지 경력직 대거 채용"
"리노스, 폴라리스AI로 새출발"
"中 춘제 뉴스 진행한 AI 앵커…""실제 앵커는 고향行"""
北·中·러시아 해커도 챗GPT 활용···오픈AI “접근 차단”
삼성전자 ‘AI 건조기’ 유럽 미국서 통했다...2~3배 매출 성장 기록
"다쏘시스템 ""3D 설계 돕는 생성형 AI 모델 개발 중"""
"AI폰 배터리 ‘광탈’ 막는다…SKT, 미디어텍 손잡고 기술 개발"
"국세청, 올해 ‘AI 홈택스·글로벌 기업 이중과세 해결’ 추진"
"“北해커 ‘킴수키’, 해킹 때 MS·오픈AI 제품 활용”"
"오픈AI, 작가들과의 저작권 소송서 일부 승소"
"MS “북한과 이란, 해킹에 생성형 AI 활용”"
"AI로 향하는 ETF 투자 열기, 운용 성과는 제각각"
"효성인포-에이플랫폼, 생성형AI 워크로드 혁신 위해 협력"
AI 바람 타고 토종 클라우드 훨훨 날았다…올해도 고성장 기대
오픈AI '칩 독립선언'에도...엔비디아 '파죽지세'
"오픈AI, '이전 대화 기억' 기능 추가한 챗GPT 새 버전 내놔"
"‘AI의 왕’ 엔비디아, 구글 넘어 美 시총 3위 등극"
"오픈AI, 구글에도 도전장?...""웹 검색 서비스 개발 중"""
[컨콜]카카오톡에 생성형 AI 결합 추진…경량 언어모델 기반
올 세무조사 1만4000건 이하 유지…생성형AI 5월 시범도입
"엔비디아 2.46%-AMD 4.17% 급등, AI주 랠리 재개(종합)"
AI 붐에 늘어나는 전력량… 재생에너지 역할 커진다
"韓 美 AI연구거점 만들고, ‘온디바이스AI 전략’ 내놓는다"
"'AI 대장' 엔비디아, 구글 앞질러 시총 3위…몸값 '2437조원' [뉴욕마감]"
"'시총 3위' 엔비디아, ARM에 지분 투자…AI 사운드·신약 개발도 추진"
"미소정보기술, 의료산업 생성형 초거대 AI 구축 솔루션 출시"
"함샤우트 글로벌, 인공지능 활용 인식 설문조사 “생성형 AI로 업무 생산성 높아져”"
"삼일PwC ""AI가 앞당긴 에듀테크…2030년 1000조 시장 열린다"""
'MWC 2024'서 AI·전장 잡겠다… 삼성·SK CEO 대거 출격
"올트먼 9300조원 모집…AI 반도체 시장, 판 흔들린다"
"샘 올트먼 ""AI 평생 사용할 청소년들 기회 넘쳐나"""
"과기정통부 ""단통법 폐지…국민 생활 속 AI에 7700억 투입"""
"""대구기업, 생성형 AI 적극 도입해야"""
올트먼 'AI칩 큰그림'에 반도체업계 촉각…삼성·SK '기회' 찾나
"진화하는 코딩 AI, 진땀나는 개발자"
'수익률 3배차' 글로벌 AI ETF…‘넥스트 엔비디아’에 희비
"마이크로소프트, AI 트렌드 3가지 공개"
"[의정언박싱] ""생성형 AI, 위협 보단 또다른 새로운 기회 제공"""
생성형 AI 가장 자주 사용하는 국가는 ‘인도’… 보급 속도 인터넷·스마트폰보다 빨라
"""이미지 생성과는 급이 달라...3D 설계 최적화 생성형AI 집중"""
"‘AI 통화녹음 도청 논란’ 에이닷 잘나가자, KT·LGU+도 슬쩍"
"삼성전자 ""AI인재 선점""…경력직 채용 큰장 선다"
"시스코, 올해 인력 5% 해고…AI·소프트웨어 등 고성장 사업 집중"
"""AI로 민감정보 보호하세요""…파수, 'AI 바우처' 수요기업 모집"
"[이슈진단+] ""물에 빠진 문재인·이재명 모두 응원""…대선 때 등장한 'AI 윤' 사라진다, 왜"
"""애플, 삼성처럼 아이폰16에 AI 도입.. 화면 더 키운다"" [1일IT템]"
"킨드릴, 구글 클라우드 손잡고 기업용 생성형 AI 솔루션 제공"
"[2024 국세행정] 세수 여건 악화에 '비대면' 서비스 강화...""AI 상담 도입"""
"AI 데이터 우물에 ‘독’ 푸는 교수…“저작물 도둑질, 창작자 삶 뺏어”"
‘챗GPT’ 주역 올트먼 이번엔 AI반도체… 최대 9300조 실탄 준비
"신동빈의 ‘AI’ 강조에…롯데백화점, AI 활용해 봄 입혔다"
美 AI업계 정치 딥페이크 퇴치협약 발표…선거운동 악영향 차단
"'AI 열풍' 탄 MS, 클라우드 1위 아마존 맹추격"
"서울사이버대, 'AI 선도대학 원년' 선포"
종합소득세 '생성형AI'가 상담
"[단독] 롯데쇼핑, 생성형 AI 야심작 ‘라일락’ 밑그림 공개"
"이통3사, 인간과 협업하는 AI에 꽂히다"
"“AI 덕분에” 엔비디아 주가, 아마존·구글 제쳐"
"씨티 ""사이버보안, 생성형 AI의 수혜 입을 것"""
AI폰에 AI워치·AI자동차까지? AI로 전 산업과 일상 고도화
[PLAY IT] 'LG 그램 프로'과 함께한 여행... 생성형 AI '쌩쌩'·발열 '아쉽'
"국세청, 오는 5월 종합소득세 신고부터 AI 홈텍스 도입"
"韓美日 AI 랠리…각국 주요 7개株, 코스피·S&P500·닛케이보다 2~3배 더 상승 [투자360]"
AI주 질주…엔비디아 미국 시총 3위 '터치'
"""AI 기반 경제·산업 대도약···글로벌 디지털 질서 주도"""
"AI 스타트업, 인재 따라 강남行 … 테헤란로 'AI밸리'로 변신중"
"세무조사, 올해도 역대 최저수준…AI 등 세무 서비스 강화"
AI가 언어 자동 번역…회의도 영화처럼
"DB손해보험, AI비서 시스템 '특허' 획득…""디지털전환 고도화 성과"""
'2조 클럽' 지킨 NHN…'게임·AI' 필두로 우상향 이어간다
엔비디아 장중 시총 3위·ARM 3일만에 2배…힘 세진 AI
[컨콜종합] NHN “커머스‧기술 체질 개선 집중… AI 생태계 조성 힘쓸 것”
빠르게 성장하는 ‘코드 생성 AI’… 개발자 자리도 위협
갤럭시S24·비전프로 속 나만의 AI… 비밀은 '멀티모달'
"같은 글로벌 AI ETF지만 수익률은 천차만별…‘""성장 주도주 찾아야"""
"영암군, 생성형 AI 기술 기반 온라인 콘텐츠 개발"
"글로벌 R&D 3.6배 확대하고, 미국에 AI거점 만든다"
AI 글로벌 동맹 강화에 직접 나서는 최태원
[성공예감] MS·엔비디아·메타·AI 3강 구도 분석 – 송이라 기자(서울경제신문)
[서울 on] AI 기본법 외면 땐 멀어질 ‘3등 꿈’/이정수 세종취재본부 기자
가성비로 승부? 중국폰 확 달라졌다…AI 얹고 갤S24에 '도전장'
"엔비디아, '챗 위드 RTX'로 AI PC에 맞춤형 챗봇 제공"
AI·전장 먹거리 찾아 유럽행... 글로벌경영 속도내는 최태원
"“Z세대는 AI 원어민, 최첨단 신기술에 두려움 없이 적극적”"
"SK하이닉스 이동훈 부사장 ""AI 시대 유연한 대응 통해 낸드 혁신 이뤄낼 것"""
"신동빈 'AI 전환' 속도전…롯데, 내달 청사진 나온다"
"팡고지와이, 마테크 플랫폼에 생성형 AI ‘팡순이’ 탑재"
"세종사이버대, '생성형AI와 CES 2024, 사라지는 AI 스며드는 미래' 특강 개최"
"체크포인트, '인피니티 AI 코파일럿' 출시"
"‘AI발’ 일자리 역습…美 빅테크, 올해 3만4000명 해고"
"검찰, '챗GPT로 탄원서 위조' 마약사범 추가 기소"
"관세청, 올해 AI 등 신기술 도입 전 분야서 스마트 혁신"
"인스타페이, 유치원생·초등생 AI창작 글쓰기 공모전 개최"
"'AI 원어민' Z세대, 최첨단 기술에 두려움 없어…활용 적극적"
"""AI 잘 쓰려면 사내 데이터 다 엎어야 해요"""
애플 'AI폰' 어떻게 나올까…'갤럭시 S24'와 다른 점은
"이통 3사, 성장판 닫힌 무선사업 대신 AI에 미래 걸었다"
"AI 대장주 엔비디아, 아마존 제쳤다…美 시총 4위로 도약"
"에스피소프트, 코스닥 시장 입성…""생성형 AI 기반 사업 확대"""
"라온피플, '생성형 AI' 등 정부 AI 바우처 공급기업 선정"
"“기술인재 확보하라”...삼성, AI부터 반도체까지 경력직 대거 채용"
"리노스, 폴라리스AI로 새출발"
"라온피플, '생성형 AI' 등 정부 AI 바우처 공급기업 선정"
"中 춘제 뉴스 진행한 AI 앵커…""실제 앵커는 고향行"""
러시아·북한 해커도 AI로 해킹…“보안 우회·가짜 메일 활용”
삼성전자 ‘AI 건조기’ 유럽 미국서 통했다...2~3배 매출 성장 기록
"다쏘시스템 ""3D 설계 돕는 생성형 AI 모델 개발 중"""
"AI폰 배터리 ‘광탈’ 막는다…SKT, 미디어텍 손잡고 기술 개발"
"국세청, 올해 ‘AI 홈택스·글로벌 기업 이중과세 해결’ 추진"
"“北해커 ‘킴수키’, 해킹 때 MS·오픈AI 제품 활용”"
"오픈AI, 작가들과의 저작권 소송서 일부 승소"
"MS “북한과 이란, 해킹에 생성형 AI 활용”"
"AI로 향하는 ETF 투자 열기, 운용 성과는 제각각"
"효성인포-에이플랫폼, 생성형AI 워크로드 혁신 위해 협력"
AI 바람 타고 토종 클라우드 훨훨 날았다…올해도 고성장 기대
오픈AI '칩 독립선언'에도...엔비디아 '파죽지세'
"에스피소프트 주가 강세, 생성형 AI 사업 확대"
"오픈AI, '이전 대화 기억' 기능 추가한 챗GPT 새 버전 내놔"
"‘AI의 왕’ 엔비디아, 구글 넘어 美 시총 3위 등극"
"오픈AI, 구글에도 도전장?...""웹 검색 서비스 개발 중"""
[컨콜]카카오톡에 생성형 AI 결합 추진…경량 언어모델 기반
올 세무조사 1만4000건 이하 유지…생성형AI 5월 시범도입
"엔비디아 2.46%-AMD 4.17% 급등, AI주 랠리 재개(종합)"
AI 붐에 늘어나는 전력량… 재생에너지 역할 커진다
"효성인포-에이플랫폼, 생성형 AI 워크로드 혁신 위한 협력 강화"
"韓 美 AI연구거점 만들고, ‘온디바이스AI 전략’ 내놓는다"
"미소정보기술, 의료산업 생성형 초거대 AI 구축 솔루션 출시"
"'AI 대장' 엔비디아, 구글 앞질러 시총 3위…몸값 '2437조원' [뉴욕마감]"
"김창기 국세청장 ""AI 상담원 도입 등 전자세정 혁신할 것"""
"'시총 3위' 엔비디아, ARM에 지분 투자…AI 사운드·신약 개발도 추진"
"함샤우트 글로벌, 인공지능 활용 인식 설문조사 “생성형 AI로 업무 생산성 높아져”"
"삼일PwC ""AI가 앞당긴 에듀테크…2030년 1000조 시장 열린다"""
'MWC 2024'서 AI·전장 잡겠다… 삼성·SK CEO 대거 출격
"올트먼 9300조원 모집…AI 반도체 시장, 판 흔들린다"
"샘 올트먼 ""AI 평생 사용할 청소년들 기회 넘쳐나"""
"과기정통부 ""단통법 폐지…국민 생활 속 AI에 7700억 투입"""
"""대구기업, 생성형 AI 적극 도입해야"""
올트먼 'AI칩 큰그림'에 반도체업계 촉각…삼성·SK '기회' 찾나
"진화하는 코딩 AI, 진땀나는 개발자"
'수익률 3배차' 글로벌 AI ETF…‘넥스트 엔비디아’에 희비
"마이크로소프트, AI 트렌드 3가지 공개"
"[의정언박싱] ""생성형 AI, 위협 보단 또다른 새로운 기회 제공"""
생성형 AI 가장 자주 사용하는 국가는 ‘인도’… 보급 속도 인터넷·스마트폰보다 빨라
"""이미지 생성과는 급이 달라...3D 설계 최적화 생성형AI 집중"""
"‘AI 통화녹음 도청 논란’ 에이닷 잘나가자, KT·LGU+도 슬쩍"
"삼성전자 ""AI인재 선점""…경력직 채용 큰장 선다"
"시스코, 올해 인력 5% 해고…AI·소프트웨어 등 고성장 사업 집중"
"""AI로 민감정보 보호하세요""…파수, 'AI 바우처' 수요기업 모집"
"[이슈진단+] ""물에 빠진 문재인·이재명 모두 응원""…대선 때 등장한 'AI 윤' 사라진다, 왜"
"""애플, 삼성처럼 아이폰16에 AI 도입.. 화면 더 키운다"" [1일IT템]"
"킨드릴, 구글 클라우드 손잡고 기업용 생성형 AI 솔루션 제공"
"[2024 국세행정] 세수 여건 악화에 '비대면' 서비스 강화...""AI 상담 도입"""
"AI 데이터 우물에 ‘독’ 푸는 교수…“저작물 도둑질, 창작자 삶 뺏어”"
‘챗GPT’ 주역 올트먼 이번엔 AI반도체… 최대 9300조 실탄 준비
"미소정보기술,의료·산업 생성형 초거대AI 비(非)라벨링 데이터 솔루션 '데이터스캔' 출시"
"신동빈의 ‘AI’ 강조에…롯데백화점, AI 활용해 봄 입혔다"
美 AI업계 정치 딥페이크 퇴치협약 발표…선거운동 악영향 차단
"'AI 열풍' 탄 MS, 클라우드 1위 아마존 맹추격"
"서울사이버대, 'AI 선도대학 원년' 선포"
종합소득세 '생성형AI'가 상담
"국세청, 오는 5월 종합소득세 신고부터 AI 홈텍스 도입"
이제 'AI 홈택스'로 진화한다
"[단독] 롯데쇼핑, 생성형 AI 야심작 ‘라일락’ 밑그림 공개"
"이통3사, 인간과 협업하는 AI에 꽂히다"
"“AI 덕분에” 엔비디아 주가, 아마존·구글 제쳐"
"씨티 ""사이버보안, 생성형 AI의 수혜 입을 것"""
AI폰에 AI워치·AI자동차까지? AI로 전 산업과 일상 고도화
[PLAY IT] 'LG 그램 프로'과 함께한 여행... 생성형 AI '쌩쌩'·발열 '아쉽'
"SKT, AI폰 전력 절감 기술 확보 '잰걸음'"
"韓美日 AI 랠리…각국 주요 7개株, 코스피·S&P500·닛케이보다 2~3배 더 상승 [투자360]"
AI주 질주…엔비디아 미국 시총 3위 '터치'
"""AI 기반 경제·산업 대도약···글로벌 디지털 질서 주도"""
"AI 스타트업, 인재 따라 강남行 … 테헤란로 'AI밸리'로 변신중"
"세무조사, 올해도 역대 최저수준…AI 등 세무 서비스 강화"
AI가 언어 자동 번역…회의도 영화처럼
"DB손해보험, AI비서 시스템 '특허' 획득…""디지털전환 고도화 성과"""
'2조 클럽' 지킨 NHN…'게임·AI' 필두로 우상향 이어간다
애플 'AI폰' 어떻게 나올까…'갤럭시 S24'와 다른 점은
엔비디아 장중 시총 3위·ARM 3일만에 2배…힘 세진 AI
[컨콜종합] NHN “커머스‧기술 체질 개선 집중… AI 생태계 조성 힘쓸 것”
빠르게 성장하는 ‘코드 생성 AI’… 개발자 자리도 위협
갤럭시S24·비전프로 속 나만의 AI… 비밀은 '멀티모달'
"같은 글로벌 AI ETF지만 수익률은 천차만별…‘""성장 주도주 찾아야"""
"영암군, 생성형 AI 기술 기반 온라인 콘텐츠 개발"
"글로벌 R&D 3.6배 확대하고, 미국에 AI거점 만든다"
AI 글로벌 동맹 강화에 직접 나서는 최태원
[성공예감] MS·엔비디아·메타·AI 3강 구도 분석 – 송이라 기자(서울경제신문)
[서울 on] AI 기본법 외면 땐 멀어질 ‘3등 꿈’/이정수 세종취재본부 기자
가성비로 승부? 중국폰 확 달라졌다…AI 얹고 갤S24에 '도전장'
"엔비디아, '챗 위드 RTX'로 AI PC에 맞춤형 챗봇 제공"
AI·전장 먹거리 찾아 유럽행... 글로벌경영 속도내는 최태원
"“Z세대는 AI 원어민, 최첨단 신기술에 두려움 없이 적극적”"
"SK하이닉스 이동훈 부사장 ""AI 시대 유연한 대응 통해 낸드 혁신 이뤄낼 것"""
"신동빈 'AI 전환' 속도전…롯데, 내달 청사진 나온다"
"팡고지와이, 마테크 플랫폼에 생성형 AI ‘팡순이’ 탑재"
"세종사이버대, '생성형AI와 CES 2024, 사라지는 AI 스며드는 미래' 특강 개최"
"체크포인트, '인피니티 AI 코파일럿' 출시"
"AI 대장주 엔비디아, 아마존 제쳤다…美 시총 4위로 도약"
"에스피소프트, 코스닥 시장 입성…""생성형 AI 기반 사업 확대"""
"라온피플, '생성형 AI' 등 정부 AI 바우처 공급기업 선정"
"“기술인재 확보하라”...삼성, AI부터 반도체까지 경력직 대거 채용"
"리노스, 폴라리스AI로 새출발"
"中 춘제 뉴스 진행한 AI 앵커…""실제 앵커는 고향行"""
北·中·러시아 해커도 챗GPT 활용···오픈AI “접근 차단”
삼성전자 ‘AI 건조기’ 유럽 미국서 통했다...2~3배 매출 성장 기록
"다쏘시스템 ""3D 설계 돕는 생성형 AI 모델 개발 중"""
"국세청, 올해 ‘AI 홈택스·글로벌 기업 이중과세 해결’ 추진"
"AI폰 배터리 ‘광탈’ 막는다…SKT, 미디어텍 손잡고 기술 개발"
"“北해커 ‘킴수키’, 해킹 때 MS·오픈AI 제품 활용”"
"오픈AI, 작가들과의 저작권 소송서 일부 승소"
"MS “북한과 이란, 해킹에 생성형 AI 활용”"
"AI로 향하는 ETF 투자 열기, 운용 성과는 제각각"
"효성인포-에이플랫폼, 생성형AI 워크로드 혁신 위해 협력"
AI 바람 타고 토종 클라우드 훨훨 날았다…올해도 고성장 기대
오픈AI '칩 독립선언'에도...엔비디아 '파죽지세'
"오픈AI, '이전 대화 기억' 기능 추가한 챗GPT 새 버전 내놔"
"‘AI의 왕’ 엔비디아, 구글 넘어 美 시총 3위 등극"
"오픈AI, 구글에도 도전장?...""웹 검색 서비스 개발 중"""
[컨콜]카카오톡에 생성형 AI 결합 추진…경량 언어모델 기반
올 세무조사 1만4000건 이하 유지…생성형AI 5월 시범도입
"엔비디아 2.46%-AMD 4.17% 급등, AI주 랠리 재개(종합)"
AI 붐에 늘어나는 전력량… 재생에너지 역할 커진다
"韓 美 AI연구거점 만들고, ‘온디바이스AI 전략’ 내놓는다"
"'AI 대장' 엔비디아, 구글 앞질러 시총 3위…몸값 '2437조원' [뉴욕마감]"
"미소정보기술, 의료산업 생성형 초거대 AI 구축 솔루션 출시"
"'시총 3위' 엔비디아, ARM에 지분 투자…AI 사운드·신약 개발도 추진"
"함샤우트 글로벌, 인공지능 활용 인식 설문조사 “생성형 AI로 업무 생산성 높아져”"
"삼일PwC ""AI가 앞당긴 에듀테크…2030년 1000조 시장 열린다"""
'MWC 2024'서 AI·전장 잡겠다… 삼성·SK CEO 대거 출격
"올트먼 9300조원 모집…AI 반도체 시장, 판 흔들린다"
"샘 올트먼 ""AI 평생 사용할 청소년들 기회 넘쳐나"""
"과기정통부 ""단통법 폐지…국민 생활 속 AI에 7700억 투입"""
"""대구기업, 생성형 AI 적극 도입해야"""
올트먼 'AI칩 큰그림'에 반도체업계 촉각…삼성·SK '기회' 찾나
"진화하는 코딩 AI, 진땀나는 개발자"
'수익률 3배차' 글로벌 AI ETF…‘넥스트 엔비디아’에 희비
"마이크로소프트, AI 트렌드 3가지 공개"
"[의정언박싱] ""생성형 AI, 위협 보단 또다른 새로운 기회 제공"""
생성형 AI 가장 자주 사용하는 국가는 ‘인도’… 보급 속도 인터넷·스마트폰보다 빨라
"""이미지 생성과는 급이 달라...3D 설계 최적화 생성형AI 집중"""
"‘AI 통화녹음 도청 논란’ 에이닷 잘나가자, KT·LGU+도 슬쩍"
"삼성전자 ""AI인재 선점""…경력직 채용 큰장 선다"
"시스코, 올해 인력 5% 해고…AI·소프트웨어 등 고성장 사업 집중"
"""AI로 민감정보 보호하세요""…파수, 'AI 바우처' 수요기업 모집"
"[이슈진단+] ""물에 빠진 문재인·이재명 모두 응원""…대선 때 등장한 'AI 윤' 사라진다, 왜"
"""애플, 삼성처럼 아이폰16에 AI 도입.. 화면 더 키운다"" [1일IT템]"
"킨드릴, 구글 클라우드 손잡고 기업용 생성형 AI 솔루션 제공"
"[2024 국세행정] 세수 여건 악화에 '비대면' 서비스 강화...""AI 상담 도입"""
"AI 데이터 우물에 ‘독’ 푸는 교수…“저작물 도둑질, 창작자 삶 뺏어”"
‘챗GPT’ 주역 올트먼 이번엔 AI반도체… 최대 9300조 실탄 준비
"신동빈의 ‘AI’ 강조에…롯데백화점, AI 활용해 봄 입혔다"
美 AI업계 정치 딥페이크 퇴치협약 발표…선거운동 악영향 차단
"'AI 열풍' 탄 MS, 클라우드 1위 아마존 맹추격"
"서울사이버대, 'AI 선도대학 원년' 선포"
종합소득세 '생성형AI'가 상담
"국세청, 오는 5월 종합소득세 신고부터 AI 홈텍스 도입"
"[단독] 롯데쇼핑, 생성형 AI 야심작 ‘라일락’ 밑그림 공개"
"이통3사, 인간과 협업하는 AI에 꽂히다"
"“AI 덕분에” 엔비디아 주가, 아마존·구글 제쳐"
"씨티 ""사이버보안, 생성형 AI의 수혜 입을 것"""
AI폰에 AI워치·AI자동차까지? AI로 전 산업과 일상 고도화
[PLAY IT] 'LG 그램 프로'과 함께한 여행... 생성형 AI '쌩쌩'·발열 '아쉽'
"韓美日 AI 랠리…각국 주요 7개株, 코스피·S&P500·닛케이보다 2~3배 더 상승 [투자360]"
AI주 질주…엔비디아 미국 시총 3위 '터치'
"""AI 기반 경제·산업 대도약···글로벌 디지털 질서 주도"""
"AI 스타트업, 인재 따라 강남行 … 테헤란로 'AI밸리'로 변신중"
"세무조사, 올해도 역대 최저수준…AI 등 세무 서비스 강화"
AI가 언어 자동 번역…회의도 영화처럼
"DB손해보험, AI비서 시스템 '특허' 획득…""디지털전환 고도화 성과"""
'2조 클럽' 지킨 NHN…'게임·AI' 필두로 우상향 이어간다
애플 'AI폰' 어떻게 나올까…'갤럭시 S24'와 다른 점은
엔비디아 장중 시총 3위·ARM 3일만에 2배…힘 세진 AI
[컨콜종합] NHN “커머스‧기술 체질 개선 집중… AI 생태계 조성 힘쓸 것”
빠르게 성장하는 ‘코드 생성 AI’… 개발자 자리도 위협
갤럭시S24·비전프로 속 나만의 AI… 비밀은 '멀티모달'
"같은 글로벌 AI ETF지만 수익률은 천차만별…‘""성장 주도주 찾아야"""
"영암군, 생성형 AI 기술 기반 온라인 콘텐츠 개발"
"글로벌 R&D 3.6배 확대하고, 미국에 AI거점 만든다"
AI 글로벌 동맹 강화에 직접 나서는 최태원
[성공예감] MS·엔비디아·메타·AI 3강 구도 분석 – 송이라 기자(서울경제신문)
[서울 on] AI 기본법 외면 땐 멀어질 ‘3등 꿈’/이정수 세종취재본부 기자
가성비로 승부? 중국폰 확 달라졌다…AI 얹고 갤S24에 '도전장'
"엔비디아, '챗 위드 RTX'로 AI PC에 맞춤형 챗봇 제공"
AI·전장 먹거리 찾아 유럽행... 글로벌경영 속도내는 최태원
"“Z세대는 AI 원어민, 최첨단 신기술에 두려움 없이 적극적”"
"SK하이닉스 이동훈 부사장 ""AI 시대 유연한 대응 통해 낸드 혁신 이뤄낼 것"""
"신동빈 'AI 전환' 속도전…롯데, 내달 청사진 나온다"
"팡고지와이, 마테크 플랫폼에 생성형 AI ‘팡순이’ 탑재"
"세종사이버대, '생성형AI와 CES 2024, 사라지는 AI 스며드는 미래' 특강 개최"
"체크포인트, '인피니티 AI 코파일럿' 출시"
"‘AI발’ 일자리 역습…美 빅테크, 올해 3만4000명 해고"
"검찰, '챗GPT로 탄원서 위조' 마약사범 추가 기소"
"관세청, 올해 AI 등 신기술 도입 전 분야서 스마트 혁신"
"인스타페이, 유치원생·초등생 AI창작 글쓰기 공모전 개최"
"'AI 원어민' Z세대, 최첨단 기술에 두려움 없어…활용 적극적"
"""AI 잘 쓰려면 사내 데이터 다 엎어야 해요"""
"이통 3사, 성장판 닫힌 무선사업 대신 AI에 미래 걸었다"
"AI 대장주 엔비디아, 아마존 제쳤다…美 시총 4위로 도약"
"에스피소프트, 코스닥 시장 입성…""생성형 AI 기반 사업 확대"""
"라온피플, '생성형 AI' 등 정부 AI 바우처 공급기업 선정"
"“기술인재 확보하라”...삼성, AI부터 반도체까지 경력직 대거 채용"
"리노스, 폴라리스AI로 새출발"
"中 춘제 뉴스 진행한 AI 앵커…""실제 앵커는 고향行"""
北·中·러시아 해커도 챗GPT 활용···오픈AI “접근 차단”
삼성전자 ‘AI 건조기’ 유럽 미국서 통했다...2~3배 매출 성장 기록
"다쏘시스템 ""3D 설계 돕는 생성형 AI 모델 개발 중"""
"국세청, 올해 ‘AI 홈택스·글로벌 기업 이중과세 해결’ 추진"
"AI폰 배터리 ‘광탈’ 막는다…SKT, 미디어텍 손잡고 기술 개발"
"“北해커 ‘킴수키’, 해킹 때 MS·오픈AI 제품 활용”"
"오픈AI, 작가들과의 저작권 소송서 일부 승소"
"MS “북한과 이란, 해킹에 생성형 AI 활용”"
라온피플 '생성형 AI' 등 정부 AI 바우처 공급기업 선정
"AI로 향하는 ETF 투자 열기, 운용 성과는 제각각"
"효성인포-에이플랫폼, 생성형AI 워크로드 혁신 위해 협력"
AI 바람 타고 토종 클라우드 훨훨 날았다…올해도 고성장 기대
오픈AI '칩 독립선언'에도...엔비디아 '파죽지세'
"오픈AI, '이전 대화 기억' 기능 추가한 챗GPT 새 버전 내놔"
"‘AI의 왕’ 엔비디아, 구글 넘어 美 시총 3위 등극"
"오픈AI, 구글에도 도전장?...""웹 검색 서비스 개발 중"""
[컨콜]카카오톡에 생성형 AI 결합 추진…경량 언어모델 기반
올 세무조사 1만4000건 이하 유지…생성형AI 5월 시범도입
"엔비디아 2.46%-AMD 4.17% 급등, AI주 랠리 재개(종합)"
AI 붐에 늘어나는 전력량… 재생에너지 역할 커진다
[이슈진단+] 대선 선거운동했던 'AI 윤' 이젠 불가능…이유는?
"韓 美 AI연구거점 만들고, ‘온디바이스AI 전략’ 내놓는다"
"'AI 대장' 엔비디아, 구글 앞질러 시총 3위…몸값 '2437조원' [뉴욕마감]"
"미소정보기술, 의료산업 생성형 초거대 AI 구축 솔루션 출시"
"'시총 3위' 엔비디아, ARM에 지분 투자…AI 사운드·신약 개발도 추진"
"함샤우트 글로벌, 인공지능 활용 인식 설문조사 “생성형 AI로 업무 생산성 높아져”"
"삼일PwC ""AI가 앞당긴 에듀테크…2030년 1000조 시장 열린다"""
'MWC 2024'서 AI·전장 잡겠다… 삼성·SK CEO 대거 출격
"올트먼 9300조원 모집…AI 반도체 시장, 판 흔들린다"
"샘 올트먼 ""AI 평생 사용할 청소년들 기회 넘쳐나"""
"과기정통부 ""단통법 폐지…국민 생활 속 AI에 7700억 투입"""
"""대구기업, 생성형 AI 적극 도입해야"""
올트먼 'AI칩 큰그림'에 반도체업계 촉각…삼성·SK '기회' 찾나
"진화하는 코딩 AI, 진땀나는 개발자"
'수익률 3배차' 글로벌 AI ETF…‘넥스트 엔비디아’에 희비
"마이크로소프트, AI 트렌드 3가지 공개"
"[의정언박싱] ""생성형 AI, 위협 보단 또다른 새로운 기회 제공"""
생성형 AI 가장 자주 사용하는 국가는 ‘인도’… 보급 속도 인터넷·스마트폰보다 빨라
"""이미지 생성과는 급이 달라...3D 설계 최적화 생성형AI 집중"""
"‘AI 통화녹음 도청 논란’ 에이닷 잘나가자, KT·LGU+도 슬쩍"
"삼성전자 ""AI인재 선점""…경력직 채용 큰장 선다"
"시스코, 올해 인력 5% 해고…AI·소프트웨어 등 고성장 사업 집중"
"""AI로 민감정보 보호하세요""…파수, 'AI 바우처' 수요기업 모집"
"""애플, 삼성처럼 아이폰16에 AI 도입.. 화면 더 키운다"" [1일IT템]"
"킨드릴, 구글 클라우드 손잡고 기업용 생성형 AI 솔루션 제공"
"[2024 국세행정] 세수 여건 악화에 '비대면' 서비스 강화...""AI 상담 도입"""
"AI 데이터 우물에 ‘독’ 푸는 교수…“저작물 도둑질, 창작자 삶 뺏어”"
‘챗GPT’ 주역 올트먼 이번엔 AI반도체… 최대 9300조 실탄 준비
"신동빈의 ‘AI’ 강조에…롯데백화점, AI 활용해 봄 입혔다"
美 AI업계 정치 딥페이크 퇴치협약 발표…선거운동 악영향 차단
"'AI 열풍' 탄 MS, 클라우드 1위 아마존 맹추격"
"서울사이버대, 'AI 선도대학 원년' 선포"
종합소득세 '생성형AI'가 상담
"국세청, 오는 5월 종합소득세 신고부터 AI 홈텍스 도입"
"[단독] 롯데쇼핑, 생성형 AI 야심작 ‘라일락’ 밑그림 공개"
"이통3사, 인간과 협업하는 AI에 꽂히다"
"“AI 덕분에” 엔비디아 주가, 아마존·구글 제쳐"
"씨티 ""사이버보안, 생성형 AI의 수혜 입을 것"""
AI폰에 AI워치·AI자동차까지? AI로 전 산업과 일상 고도화
[PLAY IT] 'LG 그램 프로'과 함께한 여행... 생성형 AI '쌩쌩'·발열 '아쉽'
"韓美日 AI 랠리…각국 주요 7개株, 코스피·S&P500·닛케이보다 2~3배 더 상승 [투자360]"
AI주 질주…엔비디아 미국 시총 3위 '터치'
"""AI 기반 경제·산업 대도약···글로벌 디지털 질서 주도"""
"AI 스타트업, 인재 따라 강남行 … 테헤란로 'AI밸리'로 변신중"
"세무조사, 올해도 역대 최저수준…AI 등 세무 서비스 강화"
AI가 언어 자동 번역…회의도 영화처럼
"DB손해보험, AI비서 시스템 '특허' 획득…""디지털전환 고도화 성과"""
'2조 클럽' 지킨 NHN…'게임·AI' 필두로 우상향 이어간다
애플 'AI폰' 어떻게 나올까…'갤럭시 S24'와 다른 점은
엔비디아 장중 시총 3위·ARM 3일만에 2배…힘 세진 AI
[컨콜종합] NHN “커머스‧기술 체질 개선 집중… AI 생태계 조성 힘쓸 것”
빠르게 성장하는 ‘코드 생성 AI’… 개발자 자리도 위협
갤럭시S24·비전프로 속 나만의 AI… 비밀은 '멀티모달'
"같은 글로벌 AI ETF지만 수익률은 천차만별…‘""성장 주도주 찾아야"""
"영암군, 생성형 AI 기술 기반 온라인 콘텐츠 개발"
"글로벌 R&D 3.6배 확대하고, 미국에 AI거점 만든다"
AI 글로벌 동맹 강화에 직접 나서는 최태원
[성공예감] MS·엔비디아·메타·AI 3강 구도 분석 – 송이라 기자(서울경제신문)
[서울 on] AI 기본법 외면 땐 멀어질 ‘3등 꿈’/이정수 세종취재본부 기자
가성비로 승부? 중국폰 확 달라졌다…AI 얹고 갤S24에 '도전장'
"엔비디아, '챗 위드 RTX'로 AI PC에 맞춤형 챗봇 제공"
AI·전장 먹거리 찾아 유럽행... 글로벌경영 속도내는 최태원
"“Z세대는 AI 원어민, 최첨단 신기술에 두려움 없이 적극적”"
"SK하이닉스 이동훈 부사장 ""AI 시대 유연한 대응 통해 낸드 혁신 이뤄낼 것"""
"신동빈 'AI 전환' 속도전…롯데, 내달 청사진 나온다"
"팡고지와이, 마테크 플랫폼에 생성형 AI ‘팡순이’ 탑재"
"세종사이버대, '생성형AI와 CES 2024, 사라지는 AI 스며드는 미래' 특강 개최"
"체크포인트, '인피니티 AI 코파일럿' 출시"
"‘AI발’ 일자리 역습…美 빅테크, 올해 3만4000명 해고"
"검찰, '챗GPT로 탄원서 위조' 마약사범 추가 기소"
"관세청, 올해 AI 등 신기술 도입 전 분야서 스마트 혁신"
"인스타페이, 유치원생·초등생 AI창작 글쓰기 공모전 개최"
"'AI 원어민' Z세대, 최첨단 기술에 두려움 없어…활용 적극적"
"""AI 잘 쓰려면 사내 데이터 다 엎어야 해요"""
"AI 대장주 엔비디아, 아마존 제쳤다…美 시총 4위로 도약"
라온피플 '생성형 AI' 등 정부 AI 바우처 공급기업 선정
"에스피소프트, 코스닥 상장…""생성형 AI 기반 사업 확대"""
"“기술인재 확보하라”...삼성, AI부터 반도체까지 경력직 대거 채용"
"리노스, 폴라리스AI로 새출발"
"中 춘제 뉴스 진행한 AI 앵커…""실제 앵커는 고향行"""
北·中·러시아 해커도 챗GPT 활용···오픈AI “접근 차단”
삼성전자 ‘AI 건조기’ 유럽 미국서 통했다...2~3배 매출 성장 기록
"[세무관서장회의] 국세청, 'AI 홈택스' 만든다.. 2년간 300억 투입"
"AI폰 배터리 ‘광탈’ 막는다…SKT, 미디어텍 손잡고 기술 개발"
"다쏘시스템 ""3D 설계 돕는 생성형 AI 모델 개발 중"""
"“北해커 ‘킴수키’, 해킹 때 MS·오픈AI 제품 활용”"
"오픈AI, 작가들과의 저작권 소송서 일부 승소"
"MS “북한과 이란, 해킹에 생성형 AI 활용”"
"AI로 향하는 ETF 투자 열기, 운용 성과는 제각각"
"효성인포-에이플랫폼, 생성형AI 워크로드 혁신 위해 협력"
AI 바람 타고 토종 클라우드 훨훨 날았다…올해도 고성장 기대
오픈AI '칩 독립선언'에도...엔비디아 '파죽지세'
"오픈AI, '이전 대화 기억' 기능 추가한 챗GPT 새 버전 내놔"
"‘AI의 왕’ 엔비디아, 구글 넘어 美 시총 3위 등극"
"오픈AI, 구글에도 도전장?...""웹 검색 서비스 개발 중"""
[컨콜]카카오톡에 생성형 AI 결합 추진…경량 언어모델 기반
올 세무조사 1만4000건 이하 유지…생성형AI 5월 시범도입
"엔비디아 2.46%-AMD 4.17% 급등, AI주 랠리 재개(종합)"
AI 붐에 늘어나는 전력량… 재생에너지 역할 커진다
[이슈진단+] 대선 선거운동했던 'AI 윤' 이젠 불가능…이유는?
"韓 美 AI연구거점 만들고, ‘온디바이스AI 전략’ 내놓는다"
"'AI 대장' 엔비디아, 구글 앞질러 시총 3위…몸값 '2437조원' [뉴욕마감]"
"미소정보기술, 의료산업 생성형 초거대 AI 구축 솔루션 출시"
"'시총 3위' 엔비디아, ARM에 지분 투자…AI 사운드·신약 개발도 추진"
"함샤우트 글로벌, 인공지능 활용 인식 설문조사 “생성형 AI로 업무 생산성 높아져”"
"삼일PwC ""AI가 앞당긴 에듀테크…2030년 1000조 시장 열린다"""
'MWC 2024'서 AI·전장 잡겠다… 삼성·SK CEO 대거 출격
"올트먼 9300조원 모집…AI 반도체 시장, 판 흔들린다"
"샘 올트먼 ""AI 평생 사용할 청소년들 기회 넘쳐나"""
"과기정통부 ""단통법 폐지…국민 생활 속 AI에 7700억 투입"""
"""대구기업, 생성형 AI 적극 도입해야"""
올트먼 'AI칩 큰그림'에 반도체업계 촉각…삼성·SK '기회' 찾나
"진화하는 코딩 AI, 진땀나는 개발자"
'수익률 3배차' 글로벌 AI ETF…‘넥스트 엔비디아’에 희비
"마이크로소프트, AI 트렌드 3가지 공개"
"[의정언박싱] ""생성형 AI, 위협 보단 또다른 새로운 기회 제공"""
생성형 AI 가장 자주 사용하는 국가는 ‘인도’… 보급 속도 인터넷·스마트폰보다 빨라
"""이미지 생성과는 급이 달라...3D 설계 최적화 생성형AI 집중"""
"‘AI 통화녹음 도청 논란’ 에이닷 잘나가자, KT·LGU+도 슬쩍"
"삼성전자 ""AI인재 선점""…경력직 채용 큰장 선다"
"시스코, 올해 인력 5% 해고…AI·소프트웨어 등 고성장 사업 집중"
"""AI로 민감정보 보호하세요""…파수, 'AI 바우처' 수요기업 모집"
"""애플, 삼성처럼 아이폰16에 AI 도입.. 화면 더 키운다"" [1일IT템]"
"킨드릴, 구글 클라우드 손잡고 기업용 생성형 AI 솔루션 제공"
"[2024 국세행정] 세수 여건 악화에 '비대면' 서비스 강화...""AI 상담 도입"""
"AI 데이터 우물에 ‘독’ 푸는 교수…“저작물 도둑질, 창작자 삶 뺏어”"
‘챗GPT’ 주역 올트먼 이번엔 AI반도체… 최대 9300조 실탄 준비
"신동빈의 ‘AI’ 강조에…롯데백화점, AI 활용해 봄 입혔다"
美 AI업계 정치 딥페이크 퇴치협약 발표…선거운동 악영향 차단
"'AI 열풍' 탄 MS, 클라우드 1위 아마존 맹추격"
"서울사이버대, 'AI 선도대학 원년' 선포"
종합소득세 '생성형AI'가 상담
"국세청, 오는 5월 종합소득세 신고부터 AI 홈텍스 도입"
"[단독] 롯데쇼핑, 생성형 AI 야심작 ‘라일락’ 밑그림 공개"
"이통3사, 인간과 협업하는 AI에 꽂히다"
"“AI 덕분에” 엔비디아 주가, 아마존·구글 제쳐"
"씨티 ""사이버보안, 생성형 AI의 수혜 입을 것"""
AI폰에 AI워치·AI자동차까지? AI로 전 산업과 일상 고도화
[PLAY IT] 'LG 그램 프로'과 함께한 여행... 생성형 AI '쌩쌩'·발열 '아쉽'
"韓美日 AI 랠리…각국 주요 7개株, 코스피·S&P500·닛케이보다 2~3배 더 상승 [투자360]"
AI주 질주…엔비디아 미국 시총 3위 '터치'
"""AI 기반 경제·산업 대도약···글로벌 디지털 질서 주도"""
"AI 스타트업, 인재 따라 강남行 … 테헤란로 'AI밸리'로 변신중"
"세무조사, 올해도 역대 최저수준…AI 등 세무 서비스 강화"
AI가 언어 자동 번역…회의도 영화처럼
"DB손해보험, AI비서 시스템 '특허' 획득…""디지털전환 고도화 성과"""
'2조 클럽' 지킨 NHN…'게임·AI' 필두로 우상향 이어간다
애플 'AI폰' 어떻게 나올까…'갤럭시 S24'와 다른 점은
엔비디아 장중 시총 3위·ARM 3일만에 2배…힘 세진 AI
[컨콜종합] NHN “커머스‧기술 체질 개선 집중… AI 생태계 조성 힘쓸 것”
빠르게 성장하는 ‘코드 생성 AI’… 개발자 자리도 위협
갤럭시S24·비전프로 속 나만의 AI… 비밀은 '멀티모달'
"같은 글로벌 AI ETF지만 수익률은 천차만별…‘""성장 주도주 찾아야"""
"영암군, 생성형 AI 기술 기반 온라인 콘텐츠 개발"
"글로벌 R&D 3.6배 확대하고, 미국에 AI거점 만든다"
AI 글로벌 동맹 강화에 직접 나서는 최태원
[성공예감] MS·엔비디아·메타·AI 3강 구도 분석 – 송이라 기자(서울경제신문)
[서울 on] AI 기본법 외면 땐 멀어질 ‘3등 꿈’/이정수 세종취재본부 기자
가성비로 승부? 중국폰 확 달라졌다…AI 얹고 갤S24에 '도전장'
"엔비디아, '챗 위드 RTX'로 AI PC에 맞춤형 챗봇 제공"
AI·전장 먹거리 찾아 유럽행... 글로벌경영 속도내는 최태원
"“Z세대는 AI 원어민, 최첨단 신기술에 두려움 없이 적극적”"
"SK하이닉스 이동훈 부사장 ""AI 시대 유연한 대응 통해 낸드 혁신 이뤄낼 것"""
"신동빈 'AI 전환' 속도전…롯데, 내달 청사진 나온다"
"팡고지와이, 마테크 플랫폼에 생성형 AI ‘팡순이’ 탑재"
"세종사이버대, '생성형AI와 CES 2024, 사라지는 AI 스며드는 미래' 특강 개최"
"체크포인트, '인피니티 AI 코파일럿' 출시"
"‘AI발’ 일자리 역습…美 빅테크, 올해 3만4000명 해고"
"검찰, '챗GPT로 탄원서 위조' 마약사범 추가 기소"
"관세청, 올해 AI 등 신기술 도입 전 분야서 스마트 혁신"
"인스타페이, 유치원생·초등생 AI창작 글쓰기 공모전 개최"
"'AI 원어민' Z세대, 최첨단 기술에 두려움 없어…활용 적극적"
"""AI 잘 쓰려면 사내 데이터 다 엎어야 해요"""
"이통 3사, 성장판 닫힌 무선사업 대신 AI에 미래 걸었다"
"AI 대장주 엔비디아, 아마존 제쳤다…美 시총 4위로 도약"
"에스피소프트, 코스닥 시장 입성…""생성형 AI 기반 사업 확대"""
"라온피플, '생성형 AI' 등 정부 AI 바우처 공급기업 선정"
"“기술인재 확보하라”...삼성, AI부터 반도체까지 경력직 대거 채용"
"라온피플, '생성형 AI' 등 정부 AI 바우처 공급기업 선정"
"리노스, 폴라리스AI로 새출발"
삼성전자 ‘AI 건조기’ 유럽 미국서 통했다...2~3배 매출 성장 기록
"中 춘제 뉴스 진행한 AI 앵커…""실제 앵커는 고향行"""
北·中·러시아 해커도 챗GPT 활용···오픈AI “접근 차단”
"[세무관서장회의] 국세청, 'AI 홈택스' 만든다.. 2년간 300억 투입"
"다쏘시스템 ""3D 설계 돕는 생성형 AI 모델 개발 중"""
"AI폰 배터리 ‘광탈’ 막는다…SKT, 미디어텍 손잡고 기술 개발"
"“北해커 ‘킴수키’, 해킹 때 MS·오픈AI 제품 활용”"
"오픈AI, 작가들과의 저작권 소송서 일부 승소"
"MS “북한과 이란, 해킹에 생성형 AI 활용”"
"AI로 향하는 ETF 투자 열기, 운용 성과는 제각각"
"효성인포-에이플랫폼, 생성형AI 워크로드 혁신 위해 협력"
AI 바람 타고 토종 클라우드 훨훨 날았다…올해도 고성장 기대
오픈AI '칩 독립선언'에도...엔비디아 '파죽지세'
"오픈AI, '이전 대화 기억' 기능 추가한 챗GPT 새 버전 내놔"
"‘AI의 왕’ 엔비디아, 구글 넘어 美 시총 3위 등극"
"오픈AI, 구글에도 도전장?...""웹 검색 서비스 개발 중"""
[컨콜]카카오톡에 생성형 AI 결합 추진…경량 언어모델 기반
올 세무조사 1만4000건 이하 유지…생성형AI 5월 시범도입
"엔비디아 2.46%-AMD 4.17% 급등, AI주 랠리 재개(종합)"
AI 붐에 늘어나는 전력량… 재생에너지 역할 커진다
[이슈진단+] 대선 선거운동했던 'AI 윤' 이젠 불가능…이유는?
"韓 美 AI연구거점 만들고, ‘온디바이스AI 전략’ 내놓는다"
"미소정보기술, 의료산업 생성형 초거대 AI 구축 솔루션 출시"
"'AI 대장' 엔비디아, 구글 앞질러 시총 3위…몸값 '2437조원' [뉴욕마감]"
"'시총 3위' 엔비디아, ARM에 지분 투자…AI 사운드·신약 개발도 추진"
"함샤우트 글로벌, 인공지능 활용 인식 설문조사 “생성형 AI로 업무 생산성 높아져”"
"삼일PwC ""AI가 앞당긴 에듀테크…2030년 1000조 시장 열린다"""
'MWC 2024'서 AI·전장 잡겠다… 삼성·SK CEO 대거 출격
"올트먼 9300조원 모집…AI 반도체 시장, 판 흔들린다"
"샘 올트먼 ""AI 평생 사용할 청소년들 기회 넘쳐나"""
"과기정통부 ""단통법 폐지…국민 생활 속 AI에 7700억 투입"""
"""대구기업, 생성형 AI 적극 도입해야"""
올트먼 'AI칩 큰그림'에 반도체업계 촉각…삼성·SK '기회' 찾나
"진화하는 코딩 AI, 진땀나는 개발자"
'수익률 3배차' 글로벌 AI ETF…‘넥스트 엔비디아’에 희비
"마이크로소프트, AI 트렌드 3가지 공개"
"[의정언박싱] ""생성형 AI, 위협 보단 또다른 새로운 기회 제공"""
생성형 AI 가장 자주 사용하는 국가는 ‘인도’… 보급 속도 인터넷·스마트폰보다 빨라
"""이미지 생성과는 급이 달라...3D 설계 최적화 생성형AI 집중"""
"‘AI 통화녹음 도청 논란’ 에이닷 잘나가자, KT·LGU+도 슬쩍"
"삼성전자 ""AI인재 선점""…경력직 채용 큰장 선다"
"시스코, 올해 인력 5% 해고…AI·소프트웨어 등 고성장 사업 집중"
"""AI로 민감정보 보호하세요""…파수, 'AI 바우처' 수요기업 모집"
"""애플, 삼성처럼 아이폰16에 AI 도입.. 화면 더 키운다"" [1일IT템]"
"킨드릴, 구글 클라우드 손잡고 기업용 생성형 AI 솔루션 제공"
"[2024 국세행정] 세수 여건 악화에 '비대면' 서비스 강화...""AI 상담 도입"""
"AI 데이터 우물에 ‘독’ 푸는 교수…“저작물 도둑질, 창작자 삶 뺏어”"
‘챗GPT’ 주역 올트먼 이번엔 AI반도체… 최대 9300조 실탄 준비
"신동빈의 ‘AI’ 강조에…롯데백화점, AI 활용해 봄 입혔다"
美 AI업계 정치 딥페이크 퇴치협약 발표…선거운동 악영향 차단
"'AI 열풍' 탄 MS, 클라우드 1위 아마존 맹추격"
"서울사이버대, 'AI 선도대학 원년' 선포"
종합소득세 '생성형AI'가 상담
"국세청, 오는 5월 종합소득세 신고부터 AI 홈텍스 도입"
"[단독] 롯데쇼핑, 생성형 AI 야심작 ‘라일락’ 밑그림 공개"
"이통3사, 인간과 협업하는 AI에 꽂히다"
"“AI 덕분에” 엔비디아 주가, 아마존·구글 제쳐"
실적 부진 탈출한 카카오… 올해 ‘AI 카톡’으로 新성장 기반 만든다(종합)
"씨티 ""사이버보안, 생성형 AI의 수혜 입을 것"""
AI폰에 AI워치·AI자동차까지? AI로 전 산업과 일상 고도화
[PLAY IT] 'LG 그램 프로'과 함께한 여행... 생성형 AI '쌩쌩'·발열 '아쉽'
"韓美日 AI 랠리…각국 주요 7개株, 코스피·S&P500·닛케이보다 2~3배 더 상승 [투자360]"
AI주 질주…엔비디아 미국 시총 3위 '터치'
"""AI 기반 경제·산업 대도약···글로벌 디지털 질서 주도"""
"AI 스타트업, 인재 따라 강남行 … 테헤란로 'AI밸리'로 변신중"
"세무조사, 올해도 역대 최저수준…AI 등 세무 서비스 강화"
AI가 언어 자동 번역…회의도 영화처럼
"DB손해보험, AI비서 시스템 '특허' 획득…""디지털전환 고도화 성과"""
'2조 클럽' 지킨 NHN…'게임·AI' 필두로 우상향 이어간다
"체크포인트, '인피니티 AI 코파일럿' 출시"
애플 'AI폰' 어떻게 나올까…'갤럭시 S24'와 다른 점은
엔비디아 장중 시총 3위·ARM 3일만에 2배…힘 세진 AI
[컨콜종합] NHN “커머스‧기술 체질 개선 집중… AI 생태계 조성 힘쓸 것”
빠르게 성장하는 ‘코드 생성 AI’… 개발자 자리도 위협
갤럭시S24·비전프로 속 나만의 AI… 비밀은 '멀티모달'
"같은 글로벌 AI ETF지만 수익률은 천차만별…‘""성장 주도주 찾아야"""
"영암군, 생성형 AI 기술 기반 온라인 콘텐츠 개발"
"글로벌 R&D 3.6배 확대하고, 미국에 AI거점 만든다"
AI 글로벌 동맹 강화에 직접 나서는 최태원
[성공예감] MS·엔비디아·메타·AI 3강 구도 분석 – 송이라 기자(서울경제신문)
[서울 on] AI 기본법 외면 땐 멀어질 ‘3등 꿈’/이정수 세종취재본부 기자
가성비로 승부? 중국폰 확 달라졌다…AI 얹고 갤S24에 '도전장'
"엔비디아, '챗 위드 RTX'로 AI PC에 맞춤형 챗봇 제공"
AI·전장 먹거리 찾아 유럽행... 글로벌경영 속도내는 최태원
"“Z세대는 AI 원어민, 최첨단 신기술에 두려움 없이 적극적”"
"SK하이닉스 이동훈 부사장 ""AI 시대 유연한 대응 통해 낸드 혁신 이뤄낼 것"""
"신동빈 'AI 전환' 속도전…롯데, 내달 청사진 나온다"
"팡고지와이, 마테크 플랫폼에 생성형 AI ‘팡순이’ 탑재"
"세종사이버대, '생성형AI와 CES 2024, 사라지는 AI 스며드는 미래' 특강 개최"
"‘AI발’ 일자리 역습…美 빅테크, 올해 3만4000명 해고"
"검찰, '챗GPT로 탄원서 위조' 마약사범 추가 기소"
"관세청, 올해 AI 등 신기술 도입 전 분야서 스마트 혁신"
"인스타페이, 유치원생·초등생 AI창작 글쓰기 공모전 개최"
"'AI 원어민' Z세대, 최첨단 기술에 두려움 없어…활용 적극적"
"에스피소프트, 코스닥 시장 입성…""생성형 AI 기반 사업 확대"""
"AI 대장주 엔비디아, 아마존 제쳤다…美 시총 4위로 도약"
"라온피플, '생성형 AI' 등 정부 AI 바우처 공급기업 선정"
"“기술인재 확보하라”...삼성, AI부터 반도체까지 경력직 대거 채용"
삼성전자 ‘AI 건조기’ 유럽 미국서 통했다...2~3배 매출 성장 기록
"리노스, 폴라리스AI로 새출발"
北·中·러시아 해커도 챗GPT 활용···오픈AI “접근 차단”
"[세무관서장회의] 국세청, 'AI 홈택스' 만든다.. 2년간 300억 투입"
"中 춘제 뉴스 진행한 AI 앵커…""실제 앵커는 고향行"""
실적 부진 탈출한 카카오… 올해 ‘AI 카톡’으로 新성장 기반 만든다(종합)
"AI폰 배터리 ‘광탈’ 막는다…SKT, 미디어텍 손잡고 기술 개발"
"샌즈랩, 생성형 AI 기반 구축형 사이버 보안 모델 ‘SANDY ’ 개발"
"다쏘시스템 ""3D 설계 돕는 생성형 AI 모델 개발 중"""
"효성인포-에이플랫폼, 생성형AI 워크로드 혁신 위해 협력"
"“北해커 ‘킴수키’, 해킹 때 MS·오픈AI 제품 활용”"
"오픈AI, 작가들과의 저작권 소송서 일부 승소"
"AI로 향하는 ETF 투자 열기, 운용 성과는 제각각"
AI 바람 타고 토종 클라우드 훨훨 날았다…올해도 고성장 기대
[컨콜]카카오톡에 생성형 AI 결합 추진…경량 언어모델 기반
오픈AI '칩 독립선언'에도...엔비디아 '파죽지세'
"구글도 제친 엔비디아, AI 반도체 랠리 어디까지"
"오픈AI, '이전 대화 기억' 기능 추가한 챗GPT 새 버전 내놔"
"오픈AI, 구글에도 도전장?...""웹 검색 서비스 개발 중"""
올 세무조사 1만4000건 이하 유지…생성형AI 5월 시범도입
"엔비디아 2.46%-AMD 4.17% 급등, AI주 랠리 재개(종합)"
"효성인포-에이플랫폼, 생성 AI 워크로드 혁신 협력 강화"
AI 붐에 늘어나는 전력량… 재생에너지 역할 커진다
[이슈진단+] 대선 선거운동했던 'AI 윤' 이젠 불가능…이유는?
"韓 美 AI연구거점 만들고, ‘온디바이스AI 전략’ 내놓는다"
"미소정보기술, 의료산업 생성형 초거대 AI 구축 솔루션 출시"
"'AI 대장' 엔비디아, 구글 앞질러 시총 3위…몸값 '2437조원' [뉴욕마감]"
"'시총 3위' 엔비디아, ARM에 지분 투자…AI 사운드·신약 개발도 추진"
고령화 시대… ‘여성ㆍ해외ㆍAI’ 3대 과제 지목
"함샤우트 글로벌, 인공지능 활용 인식 설문조사 “생성형 AI로 업무 생산성 높아져”"
"삼일PwC ""AI가 앞당긴 에듀테크…2030년 1000조 시장 열린다"""
'MWC 2024'서 AI·전장 잡겠다… 삼성·SK CEO 대거 출격
"올트먼 9300조원 모집…AI 반도체 시장, 판 흔들린다"
"샘 올트먼 ""AI 평생 사용할 청소년들 기회 넘쳐나"""
"과기정통부 ""단통법 폐지…국민 생활 속 AI에 7700억 투입"""
"""대구기업, 생성형 AI 적극 도입해야"""
올트먼 'AI칩 큰그림'에 반도체업계 촉각…삼성·SK '기회' 찾나
"진화하는 코딩 AI, 진땀나는 개발자"
'수익률 3배차' 글로벌 AI ETF…‘넥스트 엔비디아’에 희비
"마이크로소프트, AI 트렌드 3가지 공개"
"[의정언박싱] ""생성형 AI, 위협 보단 또다른 새로운 기회 제공"""
챗GPT vs 제미나이 vs 클로바X… '생성형 AI' 비교해보니 [IT 발품러]
생성형 AI 가장 자주 사용하는 국가는 ‘인도’… 보급 속도 인터넷·스마트폰보다 빨라
"""이미지 생성과는 급이 달라...3D 설계 최적화 생성형AI 집중"""
"‘AI 통화녹음 도청 논란’ 에이닷 잘나가자, KT·LGU+도 슬쩍"
"삼성전자 ""AI인재 선점""…경력직 채용 큰장 선다"
"시스코, 올해 인력 5% 해고…AI·소프트웨어 등 고성장 사업 집중"
"""AI로 민감정보 보호하세요""…파수, 'AI 바우처' 수요기업 모집"
"""애플, 삼성처럼 아이폰16에 AI 도입.. 화면 더 키운다"" [1일IT템]"
"킨드릴, 구글 클라우드 손잡고 기업용 생성형 AI 솔루션 제공"
"[2024 국세행정] 세수 여건 악화에 '비대면' 서비스 강화...""AI 상담 도입"""
"AI 데이터 우물에 ‘독’ 푸는 교수…“저작물 도둑질, 창작자 삶 뺏어”"
‘챗GPT’ 주역 올트먼 이번엔 AI반도체… 최대 9300조 실탄 준비
"신동빈의 ‘AI’ 강조에…롯데백화점, AI 활용해 봄 입혔다"
美 AI업계 정치 딥페이크 퇴치협약 발표…선거운동 악영향 차단
"'AI 열풍' 탄 MS, 클라우드 1위 아마존 맹추격"
"서울사이버대, 'AI 선도대학 원년' 선포"
종합소득세 '생성형AI'가 상담
"인스타페이, 유치원생·초등생 AI창작 글쓰기 공모전 개최"
"국세청, 오는 5월 종합소득세 신고부터 AI 홈텍스 도입"
"[단독] 롯데쇼핑, 생성형 AI 야심작 ‘라일락’ 밑그림 공개"
"이통3사, 인간과 협업하는 AI에 꽂히다"
"“AI 덕분에” 엔비디아 주가, 아마존·구글 제쳐"
"씨티 ""사이버보안, 생성형 AI의 수혜 입을 것"""
AI폰에 AI워치·AI자동차까지? AI로 전 산업과 일상 고도화
[PLAY IT] 'LG 그램 프로'과 함께한 여행... 생성형 AI '쌩쌩'·발열 '아쉽'
"韓美日 AI 랠리…각국 주요 7개株, 코스피·S&P500·닛케이보다 2~3배 더 상승 [투자360]"
AI주 질주…엔비디아 미국 시총 3위 '터치'
"""AI 기반 경제·산업 대도약···글로벌 디지털 질서 주도"""
"AI 스타트업, 인재 따라 강남行 … 테헤란로 'AI밸리'로 변신중"
"세무조사, 올해도 역대 최저수준…AI 등 세무 서비스 강화"
AI가 언어 자동 번역…회의도 영화처럼
"DB손해보험, AI비서 시스템 '특허' 획득…""디지털전환 고도화 성과"""
'2조 클럽' 지킨 NHN…'게임·AI' 필두로 우상향 이어간다
"체크포인트, '인피니티 AI 코파일럿' 출시"
애플 'AI폰' 어떻게 나올까…'갤럭시 S24'와 다른 점은
엔비디아 장중 시총 3위·ARM 3일만에 2배…힘 세진 AI
[컨콜종합] NHN “커머스‧기술 체질 개선 집중… AI 생태계 조성 힘쓸 것”
빠르게 성장하는 ‘코드 생성 AI’… 개발자 자리도 위협
갤럭시S24·비전프로 속 나만의 AI… 비밀은 '멀티모달'
"같은 글로벌 AI ETF지만 수익률은 천차만별…‘""성장 주도주 찾아야"""
"영암군, 생성형 AI 기술 기반 온라인 콘텐츠 개발"
"글로벌 R&D 3.6배 확대하고, 미국에 AI거점 만든다"
AI 글로벌 동맹 강화에 직접 나서는 최태원
[성공예감] MS·엔비디아·메타·AI 3강 구도 분석 – 송이라 기자(서울경제신문)
[서울 on] AI 기본법 외면 땐 멀어질 ‘3등 꿈’/이정수 세종취재본부 기자
"엔비디아, '챗 위드 RTX'로 AI PC에 맞춤형 챗봇 제공"
AI·전장 먹거리 찾아 유럽행... 글로벌경영 속도내는 최태원
"“Z세대는 AI 원어민, 최첨단 신기술에 두려움 없이 적극적”"
"SK하이닉스 이동훈 부사장 ""AI 시대 유연한 대응 통해 낸드 혁신 이뤄낼 것"""
"신동빈 'AI 전환' 속도전…롯데, 내달 청사진 나온다"
"검찰, '챗GPT로 탄원서 위조' 마약사범 추가 기소"
"팡고지와이, 마테크 플랫폼에 생성형 AI ‘팡순이’ 탑재"
"세종사이버대, '생성형AI와 CES 2024, 사라지는 AI 스며드는 미래' 특강 개최"
"‘AI발’ 일자리 역습…美 빅테크, 올해 3만4000명 해고"
"관세청, 올해 AI 등 신기술 도입 전 분야서 스마트 혁신"
